{"cameraMode":{"drawMode":0,"name":"Shaded","section":"Shading Mode"},"sceneLighting":true,"audioPlay":false,"sceneViewState":{"showFog":true,"showMaterialUpdate":false,"showSkybox":true,"showFlares":true,"showImageEffects":true,"showParticleSystems":true},"in2DMode":false,"pivot":{"x":19.83358383178711,"y":10.936064720153809,"z":17.297767639160158},"rotation":{"x":0.1501743346452713,"y":-0.3846684694290161,"z":0.06358008086681366,"w":0.9085397124290466},"size":1.620185136795044,"orthographic":false}