{"cameraMode":{"drawMode":0,"name":"Shaded","section":"Shading Mode"},"sceneLighting":true,"audioPlay":false,"sceneViewState":{"showFog":true,"showMaterialUpdate":false,"showSkybox":true,"showFlares":true,"showImageEffects":true,"showParticleSystems":true},"in2DMode":false,"pivot":{"x":3.9246652126312258,"y":-15.104403495788575,"z":26.288509368896486},"rotation":{"x":0.2882954776287079,"y":0.16975931823253632,"z":-0.05201324075460434,"w":0.9409395456314087},"size":19.890117645263673,"orthographic":false}