{"cameraMode":{"drawMode":0,"name":"Shaded","section":"Shading Mode"},"sceneLighting":true,"audioPlay":false,"sceneViewState":{"showFog":true,"showMaterialUpdate":false,"showSkybox":true,"showFlares":true,"showImageEffects":true,"showParticleSystems":true},"in2DMode":false,"pivot":{"x":-2.5303969383239748,"y":1.9957505464553834,"z":-0.15169231593608857},"rotation":{"x":-0.12360043078660965,"y":-0.7517676949501038,"z":0.1473102569580078,"w":-0.6307684779167175},"size":1.86198890209198,"orthographic":false}