{"cameraMode":{"drawMode":0,"name":"Shaded","section":"Shading Mode"},"sceneLighting":false,"audioPlay":false,"sceneViewState":{"showFog":true,"showMaterialUpdate":false,"showSkybox":true,"showFlares":true,"showImageEffects":true,"showParticleSystems":true},"in2DMode":false,"pivot":{"x":-473.5568542480469,"y":-159.77847290039063,"z":-83.09760284423828},"rotation":{"x":0.08168739080429077,"y":-0.7882851362228394,"z":0.1399078667163849,"w":0.5936000943183899},"size":415.6100769042969,"orthographic":false}