{"cameraMode":{"drawMode":0,"name":"Shaded","section":"Shading Mode"},"sceneLighting":false,"audioPlay":false,"sceneViewState":{"showFog":true,"showMaterialUpdate":false,"showSkybox":true,"showFlares":true,"showImageEffects":true,"showParticleSystems":true},"in2DMode":false,"pivot":{"x":2.705920934677124,"y":9.115975379943848,"z":-37.04452133178711},"rotation":{"x":0.07043270021677017,"y":-0.015857933089137079,"z":0.001119847409427166,"w":0.9973928332328796},"size":1.5124483108520508,"orthographic":false}