{"cameraMode":{"drawMode":0,"name":"Shaded","section":"Shading Mode"},"sceneLighting":false,"audioPlay":false,"sceneViewState":{"showFog":true,"showMaterialUpdate":false,"showSkybox":true,"showFlares":true,"showImageEffects":true,"showParticleSystems":true},"in2DMode":false,"pivot":{"x":-8.094058990478516,"y":11.744138717651368,"z":21.736297607421876},"rotation":{"x":0.13103927671909333,"y":0.29470783472061159,"z":0.04084111750125885,"w":-0.945682942867279},"size":11.412464141845704,"orthographic":false}