{"cameraMode":{"drawMode":0,"name":"Shaded","section":"Shading Mode"},"sceneLighting":true,"audioPlay":false,"sceneViewState":{"showFog":true,"showMaterialUpdate":false,"showSkybox":true,"showFlares":true,"showImageEffects":true,"showParticleSystems":true},"in2DMode":false,"pivot":{"x":13.204095840454102,"y":15.569114685058594,"z":7.66199254989624},"rotation":{"x":-0.09834691882133484,"y":0.8790586590766907,"z":-0.2067549228668213,"w":-0.4181464612483978},"size":12.130702018737793,"orthographic":true}