{"cameraMode":{"drawMode":0,"name":"Shaded","section":"Shading Mode"},"sceneLighting":false,"audioPlay":false,"sceneViewState":{"showFog":true,"showMaterialUpdate":false,"showSkybox":true,"showFlares":true,"showImageEffects":true,"showParticleSystems":true},"in2DMode":false,"pivot":{"x":2.9090118408203127,"y":-10.940862655639649,"z":-3.274890184402466},"rotation":{"x":0.0016025088261812926,"y":0.9424763917922974,"z":-0.3342474699020386,"w":0.004525867290794849},"size":11.412464141845704,"orthographic":false}