{"cameraMode":{"drawMode":0,"name":"Shaded","section":"Shading Mode"},"sceneLighting":true,"audioPlay":false,"sceneViewState":{"showFog":true,"showMaterialUpdate":false,"showSkybox":true,"showFlares":true,"showImageEffects":true,"showParticleSystems":true},"in2DMode":false,"pivot":{"x":18.973257064819337,"y":-121.97490692138672,"z":-51.65921401977539},"rotation":{"x":-0.013945876620709896,"y":0.9107230305671692,"z":-0.41163045167922976,"w":-0.030854027718305589},"size":117.09207916259766,"orthographic":false}