{"cameraMode":{"drawMode":0,"name":"Shaded","section":"Shading Mode"},"sceneLighting":false,"audioPlay":false,"sceneViewState":{"showFog":true,"showMaterialUpdate":false,"showSkybox":true,"showFlares":true,"showImageEffects":true,"showParticleSystems":true},"in2DMode":false,"pivot":{"x":1.680812954902649,"y":8.311796188354493,"z":-16.600345611572267},"rotation":{"x":-0.011807526461780072,"y":0.9862631559371948,"z":-0.14332404732704163,"w":-0.0812530592083931},"size":1.66086745262146,"orthographic":false}