{"cameraMode":{"drawMode":0,"name":"Shaded","section":"Shading Mode"},"sceneLighting":false,"audioPlay":false,"sceneViewState":{"showFog":true,"showMaterialUpdate":false,"showSkybox":true,"showFlares":true,"showImageEffects":true,"showParticleSystems":true},"in2DMode":false,"pivot":{"x":-5.631831169128418,"y":3.670320510864258,"z":-33.35896682739258},"rotation":{"x":0.29778528213500979,"y":0.2345091551542282,"z":-0.07572651654481888,"w":0.9222986102104187},"size":1.5124483108520508,"orthographic":false}