{"cameraMode":{"drawMode":0,"name":"Shaded","section":"Shading Mode"},"sceneLighting":true,"audioPlay":false,"sceneViewState":{"showFog":true,"showMaterialUpdate":false,"showSkybox":true,"showFlares":true,"showImageEffects":true,"showParticleSystems":true},"in2DMode":false,"pivot":{"x":-27.226221084594728,"y":-44.42170333862305,"z":30.23711395263672},"rotation":{"x":-0.39462265372276308,"y":0.3787343204021454,"z":-0.18294799327850343,"w":-0.8169260025024414},"size":50.420345306396487,"orthographic":false}