{"cameraMode":{"drawMode":0,"name":"Shaded","section":"Shading Mode"},"sceneLighting":false,"audioPlay":false,"sceneViewState":{"showFog":true,"showMaterialUpdate":false,"showSkybox":true,"showFlares":true,"showImageEffects":true,"showParticleSystems":true},"in2DMode":false,"pivot":{"x":13.204095840454102,"y":15.569114685058594,"z":29.401992797851564},"rotation":{"x":-0.1758115440607071,"y":0.6837478280067444,"z":-0.17517928779125215,"w":-0.6862152814865112},"size":10.0,"orthographic":false}