{"cameraMode":{"drawMode":0,"name":"Shaded","section":"Shading Mode"},"sceneLighting":true,"audioPlay":false,"sceneViewState":{"showFog":true,"showMaterialUpdate":false,"showSkybox":true,"showFlares":true,"showImageEffects":true,"showParticleSystems":true},"in2DMode":false,"pivot":{"x":-11.80530071258545,"y":-3.0630667209625246,"z":18.388057708740236},"rotation":{"x":0.09773018211126328,"y":-0.7044267058372498,"z":0.09891004860401154,"w":0.6960241794586182},"size":8.77501106262207,"orthographic":false}