{"cameraMode":{"drawMode":0,"name":"Shaded","section":"Shading Mode"},"sceneLighting":false,"audioPlay":false,"sceneViewState":{"showFog":true,"showMaterialUpdate":false,"showSkybox":true,"showFlares":true,"showImageEffects":true,"showParticleSystems":true},"in2DMode":false,"pivot":{"x":355.237060546875,"y":326.51837158203127,"z":-251.56893920898438},"rotation":{"x":-0.11232821643352509,"y":-0.1521100550889969,"z":0.017362423241138459,"w":-0.9818026423454285},"size":110.42864990234375,"orthographic":false}