{"cameraMode":{"drawMode":0,"name":"Shaded","section":"Shading Mode"},"sceneLighting":false,"audioPlay":false,"sceneViewState":{"showFog":true,"showMaterialUpdate":false,"showSkybox":true,"showFlares":true,"showImageEffects":true,"showParticleSystems":true},"in2DMode":false,"pivot":{"x":35.57791519165039,"y":126.70057678222656,"z":9.111114501953125},"rotation":{"x":0.6925045251846314,"y":-0.007140320725739002,"z":0.0068543413653969769,"w":0.7213490009307861},"size":3.912447929382324,"orthographic":false}