{"cameraMode":{"drawMode":0,"name":"Shaded","section":"Shading Mode"},"sceneLighting":true,"audioPlay":false,"sceneViewState":{"showFog":true,"showMaterialUpdate":false,"showSkybox":true,"showFlares":true,"showImageEffects":true,"showParticleSystems":true},"in2DMode":false,"pivot":{"x":9.22906494140625,"y":-75.50789642333985,"z":-91.47337341308594},"rotation":{"x":-0.014949103817343712,"y":0.9562392830848694,"z":-0.2879604995250702,"w":-0.049640532582998279},"size":117.09207916259766,"orthographic":false}