{"cameraMode":{"drawMode":0,"name":"Shaded","section":"Shading Mode"},"sceneLighting":false,"audioPlay":false,"sceneViewState":{"showFog":true,"showMaterialUpdate":false,"showSkybox":true,"showFlares":true,"showImageEffects":true,"showParticleSystems":true},"in2DMode":false,"pivot":{"x":5.882702827453613,"y":38.446990966796878,"z":-30.63640594482422},"rotation":{"x":-0.47666412591934206,"y":0.09119825810194016,"z":-0.04979971423745155,"w":-0.8729220032691956},"size":3.460867166519165,"orthographic":false}