{"cameraMode":{"drawMode":0,"name":"Shaded","section":"Shading Mode"},"sceneLighting":true,"audioPlay":false,"sceneViewState":{"showFog":true,"showMaterialUpdate":false,"showSkybox":true,"showFlares":true,"showImageEffects":true,"showParticleSystems":true},"in2DMode":false,"pivot":{"x":7.3577117919921879,"y":5.942226409912109,"z":220.46493530273438},"rotation":{"x":-0.13356317579746247,"y":0.7021547555923462,"z":-0.1367151141166687,"w":-0.6859120726585388},"size":10.0,"orthographic":false}