{"cameraMode":{"drawMode":0,"name":"Shaded","section":"Shading Mode"},"sceneLighting":false,"audioPlay":false,"sceneViewState":{"showFog":true,"showMaterialUpdate":false,"showSkybox":true,"showFlares":true,"showImageEffects":true,"showParticleSystems":true},"in2DMode":false,"pivot":{"x":0.06493688374757767,"y":1.9748514890670777,"z":1.2620421648025513},"rotation":{"x":0.03448488935828209,"y":-0.021883394569158555,"z":0.000755291199311614,"w":0.9991658926010132},"size":1.5124483108520508,"orthographic":false}